{
  "connectorName": "salesforcerest",
  "operationName": "getEventMonitoringContentFromRecord",
  "title": "Get Event Monitoring Content from a Record.",
  "help": "<h1>Get Event Monitoring Content from a Record.</h1> <b>Retrieves event monitoring content in binary format.</b><br><br><ul><li><a href=\"https://ei.docs.wso2.com/en/latest/micro-integrator/references/connectors/salesforce-rest-connector/sf-rest-connector-config/\"> More Help </a></li></ul>",
  "elements": [
    {
      "type": "attributeGroup",
      "value": {
        "groupName": "General",
        "elements": [
          {
            "type": "attribute",
            "value": {
              "name": "configRef",
              "displayName": "Connection",
              "inputType": "connection",
              "allowedConnectionTypes": [
                "init"
              ],
              "defaultValue": "",
              "required": "true",
              "helpTip": "Connection to be used"
            }
          },
          {
            "type": "attributeGroup",
            "value": {
              "groupName": "Basic",
              "elements": [
                {
                  "type": "attribute",
                  "value": {
                    "displayName": "Event Log File ID",
                    "defaultValue": "",
                    "name": "eventLogFileId",
                    "inputType": "stringOrExpression",
                    "helpTip": "The ID of the event log file",
                    "required": "true"
                  }
                }
              ]
            }
          }
        ]
      }
    }
  ]
}
