{
  "connectorName": "salesforcerest",
  "operationName": "getObjectRecordCounts",
  "title": "Get Object Record Counts",
  "help": "<h1>Get Object Record Counts</h1> <b>Lists information about object record counts in your organization.</b><br><br><ul><li><a href=\"https://ei.docs.wso2.com/en/latest/micro-integrator/references/connectors/salesforce-rest-connector/sf-rest-connector-config/\"> More Help </a></li></ul>",
  "elements": [
    {
      "type": "attributeGroup",
      "value": {
        "groupName": "General",
        "elements": [
          {
            "type": "attribute",
            "value": {
              "name": "configRef",
              "displayName": "Connection",
              "inputType": "connection",
              "allowedConnectionTypes": [
                "init"
              ],
              "defaultValue": "",
              "required": "true",
              "helpTip": "Connection to be used"
            }
          },
          {
            "type": "attributeGroup",
            "value": {
              "groupName": "Basic",
              "elements": [
                {
                  "type": "attribute",
                  "value": {
                    "displayName": "sObjects",
                    "defaultValue": "",
                    "name": "sObjects",
                    "inputType": "stringOrExpression",
                    "helpTip": "A comma-delimited list of object names. If a listed object is not found in the org, it is ignored and not returned in the response.",
                    "required": "false"
                  }
                }
              ]
            }
          }
        ]
      }
    }
  ]
}
