{
  "connectorName": "salesforcerest",
  "operationName": "listDataCategoryGroups",
  "title": "List Data Category Groups",
  "help": "<h1>List Data Category Groups</h1> <b>Retrieves data category groups that are visible to the current user.</b><br><br><ul><li><a href=\"https://ei.docs.wso2.com/en/latest/micro-integrator/references/connectors/salesforce-rest-connector/sf-rest-connector-config/\"> More Help </a></li></ul>",
  "elements": [
    {
      "type": "attributeGroup",
      "value": {
        "groupName": "General",
        "elements": [
          {
            "type": "attribute",
            "value": {
              "name": "configRef",
              "displayName": "Connection",
              "inputType": "connection",
              "allowedConnectionTypes": [
                "init"
              ],
              "defaultValue": "",
              "required": "true",
              "helpTip": "Connection to be used"
            }
          },
          {
            "type": "attributeGroup",
            "value": {
              "groupName": "Basic",
              "elements": [
                {
                  "type": "attribute",
                  "value": {
                    "displayName": "sObject Name",
                    "defaultValue": "",
                    "name": "sObjectName",
                    "inputType": "stringOrExpression",
                    "helpTip": "The type of sObject. Support 'KnowledgeArticleVersion' only.",
                    "required": "true"
                  }
                },
                {
                  "type": "attribute",
                  "value": {
                    "displayName": "Top Categories Only",
                    "defaultValue": "",
                    "name": "topCategoriesOnly",
                    "inputType": "stringOrExpression",
                    "helpTip": "A boolean value where the true returns only the top level categories and false returns the entire tree. Defaults to true.",
                    "required": "false"
                  }
                }
              ]
            }
          }
        ]
      }
    }
  ]
}
