{
  "connectorName": "salesforcerest",
  "operationName": "returnHeadersForAppMenuMobileItems",
  "title": "Return HTTP Headers For App Menu Mobile Items",
  "help": "<h1>Return HTTP Headers For App Menu Mobile Items</h1> <b>Retrieves only the headers that are returned by the listAppMenuMobileItems operation.</b><br><br><ul><li><a href=\"https://ei.docs.wso2.com/en/latest/micro-integrator/references/connectors/salesforce-rest-connector/sf-rest-connector-config/\"> More Help </a></li></ul>",
  "elements": [
    {
      "type": "attributeGroup",
      "value": {
        "groupName": "General",
        "elements": [
          {
            "type": "attribute",
            "value": {
              "name": "configRef",
              "displayName": "Connection",
              "inputType": "connection",
              "allowedConnectionTypes": [
                "init"
              ],
              "defaultValue": "",
              "required": "true",
              "helpTip": "Connection to be used"
            }
          },
          {
            "type": "attributeGroup",
            "value": {
              "groupName": "Basic",
              "elements": [
              ]
            }
          }
        ]
      }
    }
  ]
}
