{
  "connectorName": "salesforcerest",
  "operationName": "updateRecordsUsingSObjectCollections",
  "title": "Update Records Using sObject Collections",
  "help": "<h1>Update Records Using sObject Collections</h1> <b>Updates records using sObject collections. Can update up to 200 records.</b><br><br><ul><li><a href=\"https://ei.docs.wso2.com/en/latest/micro-integrator/references/connectors/salesforce-rest-connector/sf-rest-connector-config/\"> More Help </a></li></ul>",
  "elements": [
    {
      "type": "attributeGroup",
      "value": {
        "groupName": "General",
        "elements": [
          {
            "type": "attribute",
            "value": {
              "name": "configRef",
              "displayName": "Connection",
              "inputType": "connection",
              "allowedConnectionTypes": [
                "init"
              ],
              "defaultValue": "",
              "required": "true",
              "helpTip": "Connection to be used"
            }
          },
          {
            "type": "attributeGroup",
            "value": {
              "groupName": "Basic",
              "elements": [
                {
                  "type": "attribute",
                  "value": {
                    "displayName": "Field And Value",
                    "defaultValue": "",
                    "name": "fieldAndValue",
                    "inputType": "stringOrExpression",
                    "helpTip": "",
                    "required": "true"
                  }
                }
              ]
            }
          }
        ]
      }
    }
  ]
}
