<?xml version="1.0" encoding="UTF-8"?>
<!--
   Copyright (c) 2016, WSO2 Inc. (http://www.wso2.org) All Rights Reserved.

   WSO2 Inc. licenses this file to you under the Apache License,
   Version 2.0 (the "License"); you may not use this file except
   in compliance with the License.
   You may obtain a copy of the License at

   http://www.apache.org/licenses/LICENSE-2.0

   Unless required by applicable law or agreed to in writing,
   software distributed under the License is distributed on an
   "AS IS" BASIS, WITHOUT WARRANTIES OR CONDITIONS OF ANY
   KIND, either express or implied. See the License for the
   specific language governing permissions and limitations
   under the License.
-->
<component name="salesforcerest-approvals" type="synapse/template">
    <subComponents>
        <component name="listApprovals">
            <file>listApprovals.xml</file>
            <description>Get the List of Approvals.</description>
        </component>
        <component name="returnHeadersForApprovals">
            <file>returnHeadersForApprovals.xml</file>
            <description>Returns only the headers that are returned by the listApprovals operation.</description>
        </component>
        <component name="submitApproveOrRejectApprovals">
            <file>submitApproveOrRejectApprovals.xml</file>
            <description>
                Submits a particular record if that entity supports an approval process and one has already been
                defined. Records can be approved and rejected if the current user is an assigned approver.
            </description>
        </component>
    </subComponents>
</component>
