<?xml version="1.0" encoding="UTF-8"?>
<!--
   Copyright (c) 2016, WSO2 Inc. (http://www.wso2.org) All Rights Reserved.

   WSO2 Inc. licenses this file to you under the Apache License,
   Version 2.0 (the "License"); you may not use this file except
   in compliance with the License.
   You may obtain a copy of the License at

   http://www.apache.org/licenses/LICENSE-2.0

   Unless required by applicable law or agreed to in writing,
   software distributed under the License is distributed on an
   "AS IS" BASIS, WITHOUT WARRANTIES OR CONDITIONS OF ANY
   KIND, either express or implied. See the License for the
   specific language governing permissions and limitations
   under the License.
-->
<component name="salesforcerest-quickaction" type="synapse/template">
    <subComponents>
        <component name="sObjectAction">
            <file>sObjectAction.xml</file>
            <description>Return a specific object’s actions as well as global actions</description>
        </component>
        <component name="getSpecificQuickAction">
            <file>getSpecificQuickAction.xml</file>
            <description>Return a specific action for an object</description>
        </component>
        <component name="quickActions">
            <file>quickActions.xml</file>
            <description>Returns a list of global actions</description>
        </component>
        <component name="getDescribeSpecificAction">
            <file>getDescribeSpecificAction.xml</file>
            <description>Return a specific action’s descriptive detail</description>
        </component>
        <component name="getDefaultValueOfAction">
            <file>getDefaultValueOfAction.xml</file>
            <description>Return a specific action’s default values, including default field values
            </description>
        </component>
        <component name="returnHeadersForDescribeSpecificAction">
            <file>returnHeadersForDescribeSpecificAction.xml</file>
            <description>Returns only the headers that are returned by the getDescribeSpecificAction
                operation
            </description>
        </component>
        <component name="returnHeadersForSObjectAction">
            <file>returnHeadersForSObjectAction.xml</file>
            <description>Returns only the headers that are returned by the sObjectAction operation</description>
        </component>
        <component name="returnHeadersForQuickAction">
            <file>returnHeadersForQuickAction.xml</file>
            <description>Returns only the headers that are returned by the quickActions operation</description>
        </component>
        <component name="returnHeadersForSpecificQuickAction">
            <file>returnHeadersForSpecificQuickAction.xml</file>
            <description>Returns only the headers that are returned by the getSpecificAction operation</description>
        </component>
        <component name="returnHeadersForDefaultValueOfAction">
            <file>returnHeadersForDefaultValueOfAction.xml</file>
            <description>Returns only the headers that are returned by the getDefaultValueOfAction operation</description>
        </component>
        <component name="getDefaultValueOfActionById">
            <file>getDefaultValueOfActionById.xml</file>
            <description>Returns the default values for an action specific to the context_id object</description>
        </component>
        <component name="returnHeadersForDefaultValueOfActionById">
            <file>returnHeadersForDefaultValueOfActionById.xml</file>
            <description>Returns only the headers that are returned by the getDefaultValueOfActionById
                operation
            </description>
        </component>
    </subComponents>
</component>