{
  "connectorName": "ai",
  "operationName": "getFromKnowledge",
  "title": "Search the vector store",
  "help": "",
  "elements": [
    {
      "type": "attributeGroup",
      "value": {
        "groupName": "General",
        "elements": [
          {
            "type": "attribute",
            "value": {
              "name": "vectorStoreConfigKey",
              "displayName": "Vector store Connection",
              "inputType": "connection",
              "allowedConnectionTypes": [
                "MI_VECTOR_STORE",
                "CHROMA_DB",
                "PINECONE",
                "POSTGRE_SQL"
              ],
              "defaultType": "connection.local",
              "defaultValue": "",
              "required": "true",
              "helpTip": "Vector store connection to be used"
            }
          },
          {
            "type": "attribute",
            "value": {
              "name": "embeddingConfigKey",
              "displayName": "Embedding model Connection",
              "inputType": "connection",
              "allowedConnectionTypes": [
                "OPEN_AI"
              ],
              "defaultType": "connection.local",
              "defaultValue": "",
              "required": "true",
              "helpTip": "AI service connection to be used"
            }
          },
          {
            "type": "attributeGroup",
            "value": {
              "groupName": "Basic",
              "elements": [
                {
                  "type": "attribute",
                  "value": {
                    "name": "input",
                    "displayName": "Input",
                    "inputType": "stringOrExpression",
                    "defaultValue": "",
                    "required": "true",
                    "helpTip": "An array of JSON objects in the format of {\"text\":\"test\",\"embedding\":\"[array of numbers]\"}"
                  }
                },
                {
                  "type": "attribute",
                  "value": {
                    "name": "needEmbedding",
                    "displayName": "Embed Input",
                    "inputType": "checkbox",
                    "defaultValue": true,
                    "required": "true",
                    "helpTip": "Need to embed the input?"
                  }
                },
                {
                  "type": "attribute",
                  "value": {
                    "name": "embeddingModel",
                    "displayName": "Embedding model",
                    "inputType": "combo",
                    "comboValues": [
                      "text-embedding-3-small",
                      "text-embedding-3-small",
                      "text-embedding-ada-002"
                    ],
                    "defaultValue": "text-embedding-3-small",
                    "required": "true",
                    "helpTip": "Select the splitting strategy",
                    "enableCondition": [
                      {
                        "needEmbedding": true
                      }
                    ]
                  }
                },
                {
                  "type": "attribute",
                  "value": {
                    "name": "maxResults",
                    "displayName": "Max Results",
                    "inputType": "stringOrExpression",
                    "defaultValue": "5",
                    "required": "false",
                    "helpTip": "Maximum number of results to be returned"
                  }
                },
                {
                  "type": "attribute",
                  "value": {
                    "name": "minScore",
                    "displayName": "Min Score",
                    "inputType": "stringOrExpression",
                    "defaultValue": "0.75",
                    "required": "false",
                    "helpTip": "Minimum score to be considered as a valid result"
                  }
                }
              ]
            }
          },
          {
            "type": "attributeGroup",
            "value": {
              "groupName": "Response",
              "elements": [
                {
                  "type": "attribute",
                  "value": {
                    "name": "responseVariable",
                    "displayName": "Response Variable Name",
                    "inputType": "string",
                    "deriveResponseVariable": true,
                    "required": "true",
                    "helpTip": "Name of the variable to which the output of the operation should be assigned"
                  }
                },
                {
                  "type": "attribute",
                  "value": {
                    "name": "overwriteBody",
                    "displayName": "Overwrite Message Body",
                    "inputType": "checkbox",
                    "defaultValue": "false",
                    "helpTip": "Replace the Message Body in Message Context with the response of the operation (This will remove the payload from the above variable).",
                    "required": "false"
                  }
                }
              ]
            }
          }
        ]
      }
    }
  ]
}
