<?xml version="1.0" encoding="UTF-8"?>
<!--
   Copyright (c) 2023, WSO2 LLC (http://www.wso2.com) All Rights Reserved.

   WSO2 LLC licenses this file to you under the Apache License,
   Version 2.0 (the "License"); you may not use this file except
   in compliance with the License.
   You may obtain a copy of the License at

   http://www.apache.org/licenses/LICENSE-2.0

   Unless required by applicable law or agreed to in writing,
   software distributed under the License is distributed on an
   "AS IS" BASIS, WITHOUT WARRANTIES OR CONDITIONS OF ANY
   KIND, either express or implied. See the License for the
   specific language governing permissions and limitations
   under the License.
-->
<component name="salesforcerest-survey" type="synapse/template">
    <subComponents>
        <component name="addOrChangeTranslationOfSurveyField">
            <file>addOrChangeTranslationOfSurveyField.xml</file>
            <description>
                Add or change the translated value of the survey field if a survey field can be translated or
                is already translated into a particular language.
            </description>
        </component>
        <component name="addOrUpdateTranslatedValueOfMultipleSurveyFieldsInOneOrMoreLanguages">
            <file>addOrUpdateTranslatedValueOfMultipleSurveyFieldsInOneOrMoreLanguages.xml</file>
            <description>
                If one or more survey fields can be translated or are already translated, adds or updates
                the translated values of the survey fields in the languages into which survey fields can be translated.
            </description>
        </component>
        <component name="deleteTheTranslatedValueOfSurveyField">
            <file>deleteTheTranslatedValueOfSurveyField.xml</file>
            <description>
                Deletes the translated value of the survey field after a survey field is translated
                into a particular language.
            </description>
        </component>
        <component name="deleteTranslatedValueOfMultipleSurveyFieldsInOneOrMoreLanguages">
            <file>deleteTranslatedValueOfMultipleSurveyFieldsInOneOrMoreLanguages.xml</file>
            <description>
                Delete the translated values of multiple survey fields after survey fields are translated
                into one or more languages.
            </description>
        </component>
        <component name="getTranslatedValueOfSurveyField">
            <file>getTranslatedValueOfSurveyField.xml</file>
            <description>
                Retrieves the translated value of the survey field after a survey field is translated into a
                particular language.
            </description>
        </component>
        <component name="getTranslatedValuesOfMultipleSurveyFieldsInOneOrMoreLanguages">
            <file>getTranslatedValuesOfMultipleSurveyFieldsInOneOrMoreLanguages.xml</file>
            <description>
                Retrieves the translated values of multiple survey fields in the translated languages after
                survey fields are translated into one or more languages.
            </description>
        </component>
    </subComponents>
</component>
