<?xml version="1.0" encoding="UTF-8"?>
<!--
   Copyright (c) 2023, WSO2 LLC (http://www.wso2.com) All Rights Reserved.

   WSO2 LLC licenses this file to you under the Apache License,
   Version 2.0 (the "License"); you may not use this file except
   in compliance with the License.
   You may obtain a copy of the License at

   http://www.apache.org/licenses/LICENSE-2.0

   Unless required by applicable law or agreed to in writing,
   software distributed under the License is distributed on an
   "AS IS" BASIS, WITHOUT WARRANTIES OR CONDITIONS OF ANY
   KIND, either express or implied. See the License for the
   specific language governing permissions and limitations
   under the License.
-->
<component name="salesforcerest-productSchedules" type="synapse/template">
    <subComponents>
        <component name="createProductSchedules">
            <file>createProductSchedules.xml</file>
            <description>
                Establishes or reestablishes a product schedule with multiple installments for an opportunity product.
            </description>
        </component>
        <component name="deleteProductSchedules">
            <file>deleteProductSchedules.xml</file>
            <description>
                Deletes all installments in a revenue or quantity schedule for opportunity products.
            </description>
        </component>
        <component name="getProductSchedules">
            <file>getProductSchedules.xml</file>
            <description>Retrieves revenue and quantity schedules for opportunity products.</description>
        </component>
    </subComponents>
</component>
