<?xml version="1.0" encoding="UTF-8"?>
<!--
   Copyright (c) 2023, WSO2 LLC (http://www.wso2.com) All Rights Reserved.

   WSO2 LLC licenses this file to you under the Apache License,
   Version 2.0 (the "License"); you may not use this file except
   in compliance with the License.
   You may obtain a copy of the License at

   http://www.apache.org/licenses/LICENSE-2.0

   Unless required by applicable law or agreed to in writing,
   software distributed under the License is distributed on an
   "AS IS" BASIS, WITHOUT WARRANTIES OR CONDITIONS OF ANY
   KIND, either express or implied. See the License for the
   specific language governing permissions and limitations
   under the License.
-->
<component name="salesforcerest-composite" type="synapse/template">
    <subComponents>
        <component name="listCompositeResources">
            <file>listCompositeResources.xml</file>
            <description>Retrieves a list of URIs for other composite resources.</description>
        </component>
        <component name="sendMultipleRequestsUsingComposite">
            <file>sendMultipleRequestsUsingComposite.xml</file>
            <description>Executes a series of REST API requests in a single call.</description>
        </component>
        <component name="compositeGraph">
            <file>compositeGraph.xml</file>
            <description>Submit composite graph operations.</description>
        </component>
        <component name="compositeBatch">
            <file>compositeBatch.xml</file>
            <description>Executes up to 25 subrequests in a single request.</description>
        </component>
    </subComponents>
</component>
