<?xml version="1.0" encoding="UTF-8"?>
<!--
   Copyright (c) 2023, WSO2 LLC (http://www.wso2.com) All Rights Reserved.

   WSO2 LLC licenses this file to you under the Apache License,
   Version 2.0 (the "License"); you may not use this file except
   in compliance with the License.
   You may obtain a copy of the License at

   http://www.apache.org/licenses/LICENSE-2.0

   Unless required by applicable law or agreed to in writing,
   software distributed under the License is distributed on an
   "AS IS" BASIS, WITHOUT WARRANTIES OR CONDITIONS OF ANY
   KIND, either express or implied. See the License for the
   specific language governing permissions and limitations
   under the License.
-->
<component name="salesforcerest-platformEvent" type="synapse/template">
    <subComponents>
        <component name="platformEventSchemaByEventName">
            <file>platformEventSchemaByEventName.xml</file>
            <description>Retrieves the definition of a platform event for an event name</description>
        </component>
        <component name="platformEventSchemaByEventNameAndSpecifiedPayloadFormat">
            <file>platformEventSchemaByEventNameAndSpecifiedPayloadFormat.xml</file>
            <description>Retrieves the definition of a platform event for an event name in specified
                payload format
            </description>
        </component>
        <component name="platformEventSchemaBySchemaId">
            <file>platformEventSchemaBySchemaId.xml</file>
            <description>Retrieves the definition of a platform event for a schema ID</description>
        </component>
        <component name="platformEventSchemaBySchemaIdAndSpecifiedPayloadFormat">
            <file>platformEventSchemaBySchemaIdAndSpecifiedPayloadFormat.xml</file>
            <description>
                Retrieves the definition of a platform event for a schema ID in specified payload format
            </description>
        </component>
    </subComponents>
</component>
