<?xml version="1.0" encoding="UTF-8"?>
<!--
   Copyright (c) 2016, WSO2 Inc. (http://www.wso2.org) All Rights Reserved.

   WSO2 Inc. licenses this file to you under the Apache License,
   Version 2.0 (the "License"); you may not use this file except
   in compliance with the License.
   You may obtain a copy of the License at

   http://www.apache.org/licenses/LICENSE-2.0

   Unless required by applicable law or agreed to in writing,
   software distributed under the License is distributed on an
   "AS IS" BASIS, WITHOUT WARRANTIES OR CONDITIONS OF ANY
   KIND, either express or implied. See the License for the
   specific language governing permissions and limitations
   under the License.
-->
<component name="salesforcerest-users" type="synapse/template">
    <subComponents>
        <component name="getUserInformation">
            <file>getUserInformation.xml</file>
            <description>Get User Information From Salesforce.</description>
        </component>
        <component name="resetPassword">
            <file>resetPassword.xml</file>
            <description>Reset Password for Salesforce account for a specific User.</description>
        </component>
        <component name="setPassword">
            <file>setPassword.xml</file>
            <description>Set new password for Salesforce account for a specific User.</description>
        </component>
        <component name="getUserPasswordExpirationStatus">
            <file>getUserPasswordExpirationStatus.xml</file>
            <description>Gets a user’s password expiration status based on the specified user ID</description>
        </component>
        <component name="returnHeadersForUserPassword">
            <file>returnHeadersForUserPassword.xml</file>
            <description>
                Returns only the headers that are returned by sending a GET request to the sObject
                User Password resource.
            </description>
        </component>
        <component name="getSelfServiceUserPasswordExpirationStatus">
            <file>getSelfServiceUserPasswordExpirationStatus.xml</file>
            <description>
                Retrieves a self-service user’s password expiration status based on the specified user ID.
            </description>
        </component>
        <component name="resetSelfServiceUserPassword">
            <file>resetSelfServiceUserPassword.xml</file>
            <description>
                Reset Password for Salesforce account for a specific self-service.
            </description>
        </component>
        <component name="returnHeadersForSelfServiceUserPassword">
            <file>returnHeadersForSelfServiceUserPassword.xml</file>
            <description>
                Returns only the headers that are returned by sending a GET request to the sObject
                Self-Service User Password resource.
            </description>
        </component>
        <component name="setSelfServiceUserPassword">
            <file>setSelfServiceUserPassword.xml</file>
            <description>
                Sets a self-service user’s password based on the specified user ID. The password provided
                in the request body replaces the user’s existing password.
            </description>
        </component>
    </subComponents>
</component>
